School_id,Staff_id,Staff_email,First_name,Last_name,Department,Title
8f3c1b,2d1f0c3,grace.white@summitheights.k12.edu,Grace,White,Admin,School Secretary
8f3c1b,4a5b6e7,henry.brown@summitheights.k12.edu,Henry,Brown,Support,School Counselor
8f3c1b,8g9h0i1,irene.green@summitheights.k12.edu,Irene,Green,District Office,District Administrator
c7a2d9,6c7d8f9,jack.black@summitheights.k12.edu,Jack,Black,Admin,Office Manager
c7a2d9,a0b1c2d,karen.king@summitheights.k12.edu,Karen,King,Library,Librarian
8f3c1b,e4f1d0b,charlie.davis@summitheights.k12.edu,Charlie,Davis,Dual Role Test,Teacher & Support Staff
