School_id,Student_id,Student_number,State_id,Last_name,First_name,Grade,Gender,DOB,Student_email
8f3c1b,a9fd63,10574139,CA-01-10574139,Lantana,Roselyn,5,F,2010-09-17,roselyn.lantana@summitheights.edu
8f3c1b,b3f0e8,10862047,CA-01-10862047,Pascale,Katelyn,5,F,2007-06-25,katelyn.pascale@summitheights.edu
8f3c1b,e4b107,10986524,CA-01-10986524,Monroe,Jacquie,5,F,2013-05-09,jacquie.monroe@summitheights.edu
8f3c1b,f8d2b9,10679815,CA-01-10679815,Everett,Tristan,5,M,2015-08-01,tristan.everett@summitheights.edu
8f3c1b,d0f7a2,10359782,CA-01-10359782,Moretti,Cameron,5,M,2011-03-20,cameron.moretti@summitheights.edu
8f3c1b,c1a9f4,10740396,CA-01-10740396,Vincenzo,Gabriel,6,M,2008-11-12,gabriel.vincenzo@summitheights.edu
8f3c1b,f6e8c0,10294718,CA-01-10294718,Delaney,Savannah,6,F,2009-02-05,savannah.delaney@summitheights.edu
8f3c1b,a5d7b2,10168357,CA-01-10168357,Anderson,Jackson,6,M,2007-04-18,jackson.anderson@summitheights.edu
c7a2d9,7f09d8,10372859,CA-02-10372859,Miller,Jack,10,M,2007-08-01,jack.miller@summitheights.org
c7a2d9,3b2e5a,10981273,CA-02-10981273,Anderson,Eve,9,F,2009-03-20,eve.anderson@summitheights.org
c7a2d9,8c6b2d,10450918,CA-02-10450918,Williams,Frank,11,M,2006-11-15,frank.williams@summitheights.org
c7a2d9,f5d1e0,10673420,CA-02-10673420,Davis,Diana,12,F,2006-02-05,diana.davis@summitheights.org
c7a2d9,0a9b3c,10219087,CA-02-10219087,Taylor,Henry,9,M,2008-09-29,henry.taylor@summitheights.org
c7a2d9,e4c7a1,10567890,CA-02-10567890,Wilson,Alice,10,F,2007-04-10,alice.wilson@summitheights.org
c7a2d9,2f8d0b,10112233,CA-02-10112233,Brown,Bob,11,M,2006-07-22,bob.brown@summitheights.org
c7a2d9,9h1k4j,10778899,CA-02-10778899,Moore,Grace,12,F,2006-01-01,grace.moore@summitheights.org
c7a2d9,6g3i5l,10998877,CA-02-10998877,Smith,Charlie,9,M,2008-05-18,charlie.smith@summitheights.org
