School_id,Staff_id,Staff_email,First_name,Last_name,Department,Title
d7f2a,5a9c3d1,lisa.white@cedarridge.k12.edu,Lisa,White,Administration,School Secretary
d7f2a,b2e7f04,chris.green@cedarridge.k12.edu,Chris,Green,Support,Librarian
d7f2a,8d3f1c5,patricia.hall@cedarridge.k12.edu,Patricia,Hall,District Office,District Administrator
9c1e5b,2f8a4b6,maria.garcia@cedarridge.k12.edu,Maria,Garcia,Administration,Front Office Staff
9c1e5b,c0e91d7,kevin.brown@cedarridge.k12.edu,Kevin,Brown,Support,IT Support
d7f2a,3b8e1c6,sara.miller@cedarridge.k12.edu,Sara,Miller,Dual Role Test,Teacher & Support Staff
