School_id,Student_id,Student_number,State_id,Last_name,First_name,Grade,Gender,DOB,Student_email
d7f2a,8c4ed1,11964175,TX-01-11964175,Miller,Oscar,10,M,2013-08-25,oscar.miller@cedarridge.k12.tx.us
d7f2a,e7b0f6,11283690,TX-01-11283690,Garcia,Laura,11,F,2010-09-02,laura.garcia@cedarridge.k12.tx.us
d7f2a,2d8f9c,11384072,TX-01-11384072,Anderson,Mike,9,M,2015-08-01,mike.anderson@cedarridge.k12.tx.us
d7f2a,5a7b1c,11653724,TX-01-11653724,Robinson,Sam,10,M,2009-02-17,sam.robinson@cedarridge.k12.tx.us
d7f2a,f0e3d2,11195683,TX-01-11195683,White,George,12,M,2007-07-28,george.white@cedarridge.k12.tx.us
d7f2a,1b3f9a,11720816,TX-01-11720816,Smith,Julia,11,F,2010-01-08,julia.smith@cedarridge.k12.tx.us
d7f2a,4c9e7b,11925438,TX-01-11925438,Brown,Nancy,9,F,2015-09-07,nancy.brown@cedarridge.k12.tx.us
d7f2a,0d6a2f,11518749,TX-01-11518749,Thompson,Hannah,12,F,2008-03-20,hannah.thompson@cedarridge.k12.tx.us
9c1e5b,b0f7e9,11984725,TX-02-11984725,Miller,Liam,3,M,2013-08-14,liam.miller@cedarridge.edu
9c1e5b,a9d5c8,11728135,TX-02-11728135,Wilson,Isabella,3,F,2013-09-03,isabella.wilson@cedarridge.edu
9c1e5b,d1c5a8,11602749,TX-02-11602749,Brown,Evelyn,3,F,2013-01-26,evelyn.brown@cedarridge.edu
9c1e5b,f2e0d1,11593780,TX-02-11593780,Davis,Henry,3,M,2013-04-10,henry.davis@cedarridge.edu
9c1e5b,c3b7a5,11385904,TX-02-11385904,Anderson,Noah,3,M,2013-07-22,noah.anderson@cedarridge.edu
9c1e5b,e4a2f8,11036892,TX-02-11036892,Smith,Amelia,3,F,2013-02-19,amelia.smith@cedarridge.edu
9c1e5b,7b5c3a,11942680,TX-02-11942680,Jackson,Harper,3,F,2013-11-06,harper.jackson@cedarridge.edu
9c1e5b,8d6e2f,11409573,TX-02-11409573,Moore,Mia,3,F,2013-06-25,mia.moore@cedarridge.edu
9c1e5b,1a9b3c,11270648,TX-02-11270648,Thomas,Elijah,3,M,2013-03-08,elijah.thomas@cedarridge.edu
